Emma,Liam
Olivia,Noah
Ava,William
Isabella,James
Sophia,Oliver
Charlotte,Benjamin
Mia,Elijah
Amelia,Lucas
Harper,Mason
Evelyn,Logan
Abigail,Alexander
Emily,Ethan
Elizabeth,Jacob
Mila,Michael
Ella,Daniel
Avery,Henry
Sofia,Jackson
Camila,Sebastian
Aria,Aiden
Scarlett,Matthew
Victoria,Samuel
Madison,David
Luna,Joseph
Grace,Carter
Chloe,Owen
Penelope,Wyatt
Layla,John
Riley,Jack
Zoey,Luke
Nora,Jayden
Lily,Dylan
Eleanor,Grayson
Hannah,Levi
Lillian,Isaac
Addison,Gabriel
Aubrey,Julian
Ellie,Mateo
Stella,Anthony
Natalie,Jaxon
Zoe,Lincoln
Leah,Joshua
Hazel,Christopher
Violet,Andrew
Aurora,Theodore
Savannah,Caleb
Audrey,Ryan
Brooklyn,Asher
Bella,Nathan
Claire,Thomas
Skylar,Leo
Alessia,Benicio
Alma,Bode
Freya,Ford
Gemma,Harlem
Louise,Idris
Luciana,Jabari
Malia,Ledger
Mariam,Mathias
Valentina,Memphis
Maeve,Mordechai
Isla,Santana
Ophelia,Shiloh
Eloise,Valentin
Cora,Wallace
Genevieve,Wells
Aurelia,Anders
Maya,Bjorn
Ivy,Declan
Alice,Emiliano
Iris,Gael
Amaliya,Gunnar
Nova,Kai
Everly,Niko
Gianna,Santiago
Eliana,Zaid
Paisley,Parker
Elena,Warren
Willow,Watson
